Product Name ,Product Price,Review
"Mivi DuoPods D4 TWS,Rich Bass,50H Playtime,AI ENC,Low L...",699,3.9
"Boult Airbass Z35 with ZEN ENC Mic, 32H Playtime, 45ms ...",799,3.9
boAt Airdopes 161/163 with ASAP Charge & 40 HRS Playbac...,999,4
"Noise Buds VS102 with 50 Hrs Playtime, 11mm Driver, IPX...",899,4
boAt Nirvana Ion with 120 Hours Playback & Crystal Bion...,"1,649",4.1
"TRIGGR Kraken X1 with Battery Display, 40ms Latency, Qu...",799,4
OPPO Enco Buds 2 with 28 hours Battery life & Deep Nois...,"1,499",4.3
Brolan Blue Wireless Ear Buds witth multiple features B...,673,3.3
"realme Buds T110 with AI ENC for calls, upto 38 hours o...","1,299",4.2
"Boult Astra Neo 70Hrs Playtime, 4 Mic ENC, BT 5.4, 40ms...",999,4.1
"HOPPUP Xo6 Gaming Earbuds with 35MS Low Latency, RGB LE...",799,3.9
"HOPPUP AirDoze S40 Earbuds with 13MM Drivers, 40H Playt...",599,4
OnePlus Nord Buds 2 Earbuds with 25dB Active Noise Canc...,"2,199",4.3
HODOPHILE TF Premium BTH F9 Earbuds/TWs/buds 5.1 Earbud...,639,3.3
"CMF by Nothing Buds 42 dB Active Noise Cancellation, Ul...","1,999",4.2
"Boult W40 with Quad Mic ENC, 48H Battery Life, Low Late...",899,4.1
"truke BTG1 Earbuds with Game Mode, 48H Playtime, Quad M...",799,4
"Boult Airbass Z35 with ZEN ENC Mic, 32H Playtime, 45ms ...",799,3.9
Brolan Truly Wireless in-Ear Blue Earbuds with ANC Blue...,721,3
"realme Buds T300 with 12.4mm Driver, 30dB ANC, 360 Spat...","1,799",4.3
"Boult W20 with Zen ENC Mic, 35H Battery Life, Low Laten...","1,099",4.1
"TRIGGR Ultrabuds N1 Neo with ENC, 40Hr Playback, 13mm D...",699,4.1
"Noise Buds VS102 with 50 Hrs Playtime, 11mm Driver, IPX...",899,4
boAt Airdopes 131 with upto 60 hours and ASAP Charge Bl...,799,4
"Boult Z60 with 60Hr Battery, Quad Mic ENC, 50ms Ultra L...",999,4
"boAt Immortal 161 w/ Beast Mode(40ms Low Latency), 40 H...",999,4
HOUSE OF SOUND NEW FALCON EARBUDS Bluetooth Gaming,599,4
"Boult W20 with Zen ENC Mic, 35H Battery Life, Low Laten...",999,4.1
"realme Buds T110 with AI ENC for calls, upto 38 hours o...","1,299",4.2
"Boult W40 with Quad Mic ENC, 48H Battery Life, Low Late...",899,4.1
"Boult Y1 with Zen ENC Mic, 50H Battery, Fast Charging, ...",999,4
"boAt Airdopes 181 Pro w/ 100 HRS Playback, 4 Mics ENx T...","1,399",3.9
"boAt Airdopes 161 w/ 50HRS Playback, ENx Tech, 13mm Dri...",999,4
SONY WF-C500 IPX4/20Hrs Battery Life Bluetooth,"4,490",4.1
"Boult Z40 Pro with 100H Battery, Quad Mic ENC, Scratch ...","1,499",4.1
"truke Airbuds Lite with Quad Mic ENC, 48Hrs Battery, Ga...",599,3.9
HOPPUP Predator Xo3 Gaming Earbuds with 35MS Low Latenc...,799,3.9
"truke Buds F1 Ultra with 60 Hours Playtime, Spatial Aud...",799,4
"realme Buds Air 5 with 50dB ANC, 12.4mm Dynamic Bass Dr...","2,499",4.3
"OnePlus Buds 3 TWS, in Ear Earbuds with Sliding Volume ...","5,499",4.5
"Mivi DuoPods D4 TWS,Rich Bass,50H Playtime,AI ENC,Low L...",699,3.9
"Boult Airbass Z35 with ZEN ENC Mic, 32H Playtime, 45ms ...",799,3.9
"realme Buds T310 with 12.4mm Driver, 46dB ANC, Spatial ...","2,299",4.2
"HOPPUP AirDoze S40 Earbuds with 13MM Drivers, 40H Playt...",599,4
OnePlus Nord Buds 2 True Wireless Earbuds with 25dB Act...,"2,199",4.3
boAt Airdopes 131 with upto 60 hours and ASAP Charge Bl...,799,4
"TRIGGR Kraken X1 with Battery Display, 40ms Latency, Qu...",799,4
"HOPPUP Xo6 Gaming Earbuds with 35MS Low Latency, RGB LE...",799,3.9
"truke BTG1 Earbuds with Game Mode, 48H Playtime, Quad M...",799,4
"boAt Airdopes 161 with ASAP Charge, 40 Hours Playback &...","1,099",4
"Boult Airbass Z35 with ZEN ENC Mic, 32H Playtime, 45ms ...",799,3.9
"Boult W20 with Zen ENC Mic, 35H Battery Life, Low Laten...","1,099",4.1
"Mivi Commando X7,35ms Low Latency,13mm Bass,50H Playtim...",799,3.9
"boAt Airdopes Supreme w/ 4 Mics AI ENx Tech, 50 HRS Pla...","1,499",4
"Boult Z60 with 60Hr Battery, Quad Mic ENC, 50ms Ultra L...",999,4
"HOPPUP Predator Xo1 Earbuds with 50H Playtime,13MM Driv...",699,4.1
HOUSE OF SOUND NEW FALCON EARBUDS Bluetooth Gaming,599,4
"TRIGGR Ultrabuds N1 Neo with ENC, 40Hr Playback, 13mm D...",699,4.1
"Noise Buds VS102 with 50 Hrs Playtime, 11mm Driver, IPX...",899,4
"realme Buds Air 6 with 50dB ANC, 12.4mm Bass Driver, Hi...","3,299",4.3
"Boult W20 with Zen ENC Mic, 35H Battery Life, Low Laten...",999,4.1
"Boult Y1 with Zen ENC Mic, 50H Battery, Fast Charging, ...",999,4
"CMF by Nothing Buds 42 dB Active Noise Cancellation, Ul...","1,999",4.2
"realme Buds T300 with 12.4mm Driver, 30dB ANC, 360 Spat...","1,799",4.3
"boAt Airdopes 161 ANC Elite w/ ANC, 50 HRS Playback, AS...","1,599",4
"Boult Astra with Quad Mic ENC, 48Hrs Battery, Low Laten...","1,499",4.1
"boAt Airdopes 181 Pro w/ 100 HRS Playback, 4 Mics ENx T...","1,399",3.9
HOPPUP Predator Xo3 Gaming Earbuds with 35MS Low Latenc...,799,3.9
OPPO Enco Buds 2 with 28 hours Battery life & Deep Nois...,"1,499",4.3
boAt Airdopes 161/163 with ASAP Charge & 40 HRS Playbac...,999,4
"truke Buds F1 Ultra with 60 Hours Playtime, Spatial Aud...",799,4
"truke BTG Ultra with 60H Playtime, 360Spatial, Low Late...",799,4
"HOPPUP AirDoze S40 Earbuds with 13MM Drivers, 40H Playt...",599,4
"Boult X45 with Quad Mic ENC, 40H Playtime, 45ms Ultra L...",799,3.9
"realme Buds Air 6 Pro with 50dB ANC, 360 Spatial Audio ...","4,999",4.3
"Boult Z40 Pro with 100H Battery, Quad Mic ENC, Scratch ...","1,499",4.1
"Microflash Air Buds Pro E35 50Hrs Battery Life, High Ba...",659,3.9
"Mivi DuoPods K4 TWS,Rich Bass,50H Playtime,AI ENC,Low L...",699,3.7
"Boult Z60 with 60Hr Battery, Quad Mic ENC, 50ms Ultra L...",999,4
"Boult Y1 with Zen ENC Mic, 50H Battery, Fast Charging, ...",999,4
"Mivi DuoPods D4 TWS,Rich Bass,50H Playtime,AI ENC,Low L...",699,3.9
"Boult Airbass Z35 with ZEN ENC Mic, 32H Playtime, 45ms ...",799,3.9
"boAt Airdopes 161 Deadpool Edition w/ 40 HRS Playback, ...","1,399",4
"Boult Z60 with 60Hr Battery, Quad Mic ENC, 50ms Ultra L...",999,4
"Mivi DuoPods D4 TWS,Rich Bass,50H Playtime,AI ENC,Low L...","1,299",3.9
"Noise Buds VS404 with 50 Hours Playtime, ENC with Quad ...",999,3.9
"TRIGGR Kraken X1 with Battery Display, 40ms Latency, Qu...",799,4
"HOPPUP Xo6 Gaming Earbuds with 35MS Low Latency, RGB LE...",799,3.9
HOPPUP Predator Xo4 Gaming Earbuds with 35MS Low Latenc...,799,4.1
"realme Buds Air 5 with 50dB ANC, 12.4mm Dynamic Bass Dr...","2,499",4.3
"HOPPUP AirDoze S40 Earbuds with 13MM Drivers, 40H Playt...",599,4
"truke BTG1 Earbuds with Game Mode, 48H Playtime, Quad M...",799,4
"TRIGGR Ultrabuds N1 Neo with ENC, 40Hr Playback, 13mm D...",699,4.1
"boAt Airdopes 181 Pro w/ 100 HRS Playback, 4 Mics ENx T...","1,399",3.9
"HOPPUP Predator Xo1 Gaming Earbuds with 50H Playtime,13...",699,4.1
"Boult Z60 with 60Hr Battery, Quad Mic ENC, 50ms Ultra L...",999,4
"Boult Airbass Z35 with ZEN ENC Mic, 32H Playtime, 45ms ...",799,3.9
"Boult W20 with Zen ENC Mic, 35H Battery Life, Low Laten...","1,099",4.1
"realme Buds Air 6 with 50dB ANC, 12.4mm Bass Driver, Hi...","3,299",4.3
"moto buds+|Sound by Bose, Dual Dynamic Drivers, 48dB AN...","6,999",4
HOUSE OF SOUND NEW FALCON EARBUDS Bluetooth Gaming,599,4
"TRIGGR Ultrabuds N1 Neo with ENC, 40Hr Playback, 13mm D...",699,4.1
Fastrack FPods FZ100|Mega 50Hr Battery|Quad Mic ENC|3C ...,"1,695",4
"Boult X50 with 40Hr Battery, Quad Mic ENC, 45ms Ultra L...",899,3.9
"Noise Buds VS102 Plus with 70 Hrs Playtime, Environment...","1,099",3.9
"Noise Buds VS102 Neo with 40 Hrs Playtime, Environmenta...",999,4
"Boult W20 with Zen ENC Mic, 35H Battery Life, Low Laten...",999,4.1
"Boult Y1 with Zen ENC Mic, 50H Battery, Fast Charging, ...",999,4
"boAt Airdopes Supreme w/ 4 Mics AI ENx Tech, 50 HRS Pla...","1,599",4
"truke BTG Ultra with 60H Playtime, 360Spatial, Low Late...",799,4
HOPPUP Predator Xo3 Gaming Earbuds with 35MS Low Latenc...,799,3.9
"truke Buds F1 Ultra with 60 Hours Playtime, Spatial Aud...",799,4
"Mivi SuperPods Opera earbuds [Flagship Launch], Hi-res ...","1,999",4.9
"Boult Z60 with 60Hr Battery, Quad Mic ENC, 50ms Ultra L...",999,4
"Mivi DuoPods D4 TWS,Rich Bass,50H Playtime,AI ENC,Low L...","1,299",3.9
"Boult Astra with Quad Mic ENC, 48Hrs Battery, Low Laten...","1,499",4.1
"truke BTG Ultra with 60H Playtime, 360Spatial, Low Late...",799,4
"Microflash Air Buds Pro E35 50Hrs Battery Life, High Ba...",659,3.9
boAt Airdopes 131 Elite ANC w/ Active Noise Cancellatio...,"1,599",4
"Noise Buds VS102 Pro with ANC (25dB), 70 Hours Playtime...","1,499",3.8
"Mivi DuoPods D4 TWS,Rich Bass,50H Playtime,AI ENC,Low L...",699,3.9
"Boult Airbass Z35 with ZEN ENC Mic, 32H Playtime, 45ms ...",799,3.9
"Mivi SuperPods Opera earbuds [Flagship Launch], Hi-res ...","1,999",4.9
"Noise Buds VS102 Pro with ANC (25dB), 70 Hours Playtime...","1,499",3.8
"Mivi DuoPods D4 TWS,Rich Bass,50H Playtime,AI ENC,Low L...","1,299",3.9
"boAt Airdopes 161 Pro-Buds w/ ASAP Charge, Multi-Point ...","1,199",3.8
"TRIGGR Kraken X1 with Battery Display, 40ms Latency, Qu...",799,4
"Boult Astra with Quad Mic ENC, 48Hrs Battery, Low Laten...","1,499",4.1
Brolan Blue Wireless Ear Buds witth multiple features B...,673,3.3
"boAt Airdopes Supreme w/ 4 Mics AI ENx Tech, 50 HRS Pla...","1,499",4
"HOPPUP Xo6 Gaming Earbuds with 35MS Low Latency, RGB LE...",799,3.9
"HOPPUP AirDoze S40 Earbuds with 13MM Drivers, 40H Playt...",599,4
"Number Super Buds GT M9 Gaming TWS Earbuds, 60Hr Playba...","1,299",4
"boAt Immortal 161 w/ Beast Mode(40ms Low Latency), 40 H...","1,699",4
HODOPHILE TF Premium BTH F9 Earbuds/TWs/buds 5.1 Earbud...,639,3.2
boAt Airdopes 131 Elite ANC w/ Active Noise Cancellatio...,"1,599",4
"truke BTG1 Earbuds with Game Mode, 48H Playtime, Quad M...",799,4
"Boult Airbass Z35 with ZEN ENC Mic, 32H Playtime, 45ms ...",799,3.9
"Noise Buds VS102 Neo with 40 Hrs Playtime, Environmenta...",999,4
Brolan Truly Wireless in-Ear Blue Earbuds with ANC Blue...,721,3
"Boult W20 with Zen ENC Mic, 35H Battery Life, Low Laten...","1,099",4.1
HOUSE OF SOUND NEW FALCON EARBUDS Bluetooth Gaming,599,4
"Noise Buds VS404 with 50 Hours Playtime, ENC with Quad ...",999,3.9
"boAt Immortal 131 w/ Beast Mode(40ms Low Latency), 40 H...","1,699",4
Google Pixel Buds Pro with Active Noise Cancellation Bl...,"9,999",4.5
"TECHFIRE Bullets 121 with Beast Mode(40ms Low Latency),...",599,3.5
"TRIGGR Ultrabuds N1 Neo with ENC, 40Hr Playback, 13mm D...",699,4.1
"Boult W20 with Zen ENC Mic, 35H Battery Life, Low Laten...",999,4.1
"Noise Buds VS102 Neo with 40 Hrs Playtime, Environmenta...",999,4
"truke Buds Q1 with 30H Playtime, Quad Mic ENC, Game Mod...",999,4
"Boult Y1 with Zen ENC Mic, 50H Battery, Fast Charging, ...",999,4
"boAt Airdopes 181 Pro w/ 100 HRS Playback, 4 Mics ENx T...","1,399",3.9
"TRIGGR Apex S1 with Dual Pairing, 100H Battery, Quad Mi...",899,4.1
Fastrack FPods FZ100|Mega 50Hr Battery|Quad Mic ENC|3C ...,"1,695",4
boAt Immortal Airspeed Pro w/ Active Noise Cancellation...,"1,599",4.2
"Mivi DuoPods D4 TWS,Rich Bass,50H Playtime,AI ENC,Low L...","1,299",3.9
HOPPUP Predator Xo3 Gaming Earbuds with 35MS Low Latenc...,799,3.9
"truke Buds F1 Ultra with 60 Hours Playtime, Spatial Aud...",799,4
"boAt Airdopes 161 Deadpool Edition w/ 40 HRS Playback, ...","1,399",4
Nothing Ear (a) 2024 | ChatGPT Compatible | Hi-Res audi...,"5,999",4.3
"Mivi DuoPods D4 TWS,Rich Bass,50H Playtime,AI ENC,Low L...",699,3.9
"Boult Airbass Z35 with ZEN ENC Mic, 32H Playtime, 45ms ...",799,3.9
"Boult W40 with Quad Mic ENC, 48H Battery Life, Low Late...",899,4.1
boAt Airdopes 131 Elite ANC w/ Active Noise Cancellatio...,"1,599",4
vivo TWS 3e buds up-to 30dB Active Noise Cancellation |...,"1,899",4
Apple AirPods(2nd gen) with Charging Case Bluetooth Hea...,"10,900",4.5
"TRIGGR Kraken X1 with Battery Display, 40ms Latency, Qu...",799,4
"HOPPUP Xo6 Gaming Earbuds with 35MS Low Latency, RGB LE...",799,3.9
"Noise Buds VS102 Elite with 50Hr Playtime, ENC, Quad Mi...","1,299",4
"Number Super Buds GT M9 Gaming TWS Earbuds, 60Hr Playba...","1,299",4
"HOPPUP AirDoze S40 Earbuds with 13MM Drivers, 40H Playt...",599,4
"truke BTG1 Earbuds with Game Mode, 48H Playtime, Quad M...",799,4
REDMI Buds 5 with 46dB Hybrid Active Noise Cancellation...,"2,499",4.1
boAt Airdopes 131 with upto 60 hours and ASAP Charge Bl...,799,4
Nothing Ear 2024 | ChatGPT Compatible | Hi-Res Audio | ...,"8,999",4.3
"boAt Airdopes 71 w/ 40 HRS Playback, ENx Technology & B...","1,299",3.9
"Boult Airbass Z35 with ZEN ENC Mic, 32H Playtime, 45ms ...",799,3.9
"Boult W20 with Zen ENC Mic, 35H Battery Life, Low Laten...","1,099",4.1
"Boult W40 with Quad Mic ENC, 48H Battery Life, Low Late...",899,4.1
"Mivi DuoPods i6 TWS, Engineered for Athletes, IPX 4.0,1...","1,399",4.5
HOUSE OF SOUND NEW FALCON EARBUDS Bluetooth Gaming,599,4
"TRIGGR Ultrabuds N1 Neo with ENC, 40Hr Playback, 13mm D...",699,4.1
"HOPPUP AirDoze F50 Earbuds with 40H PlayTime, 40MS Low ...",699,4
"truke BTG Flex buds with Dual Pairing, 60Hrs Battery, H...","1,099",4.4
boAt Airdopes 131 Elite ANC w/ Active Noise Cancellatio...,"1,599",4
"Boult Curve Buds Pro with 100Hrs Battery, 4 Mic ENC, Lo...",999,3.6
"Boult W20 with Zen ENC Mic, 35H Battery Life, Low Laten...",999,4.1
"Boult Y1 with Zen ENC Mic, 50H Battery, Fast Charging, ...",999,4
"realme Buds T310 with 12.4mm Driver, 46dB ANC, Spatial ...","2,299",4.2
"realme Buds Air 5 with 50dB ANC, 12.4mm Dynamic Bass Dr...","2,499",4.3
"boAt Airdopes 181 Pro w/ 100 HRS Playback, 4 Mics ENx T...","1,399",3.9
HOPPUP Predator Xo3 Gaming Earbuds with 35MS Low Latenc...,799,3.9
"TRIGGR Apex S2 with Dual Pairing, 60H Battery, Quad Mic...","1,199",4.1
"boAt Airdopes Flex 454 w/32dB ANC, Multi Point Connecti...","1,999",3.9
"Microflash Air Buds Pro E35 50Hrs Battery Life, High Ba...",659,3.9
"boAt Immortal 171 w/ Beast Mode(40ms Low Latency), 40 H...","1,699",4
"truke Buds F1 Ultra with 60 Hours Playtime, Spatial Aud...",799,4
"truke BTG Ultra with 60H Playtime, 360Spatial, Low Late...",799,4
"Boult Z35 with Zen ENC Mic, 32Hrs Battery Life, 45ms Ul...",799,3.9
Google Pixel Buds Pro with Active Noise Cancellation Bl...,"9,999",4.5
"Mivi DuoPods D4 TWS,Rich Bass,50H Playtime,AI ENC,Low L...",699,3.9
"Boult Airbass Z35 with ZEN ENC Mic, 32H Playtime, 45ms ...",799,3.9
"REDMI Buds 5C Earbuds, 40dB Hybrid ANC TWS, 4 Mic, 5 EQ...","1,799",4.1
"TRIGGR Apex S2 with Dual Pairing, 60H Battery, Quad Mic...","1,199",4.1
"Mivi DuoPods i3 TWS,13mm Bass,45+H Playtime,AI ENC,Low ...",799,4
"Noise Buds Verve 2 with 50Hr Playtime, ENC, Quad Mic & ...","1,499",4
"TRIGGR Kraken X1 with Battery Display, 40ms Latency, Qu...",799,4
"Boult Astra with Quad Mic ENC, 48Hrs Battery, Low Laten...","1,499",4.1
vivo TWS 3e buds up-to 30dB Active Noise Cancellation |...,"1,899",4
"Boult Y1 Pro with Zen Quad Mic ENC, 60Hrs Battery, Fast...","1,099",4.1
"HOPPUP Xo6 Gaming Earbuds with 35MS Low Latency, RGB LE...",799,3.9
"HOPPUP AirDoze S40 Earbuds with 13MM Drivers, 40H Playt...",599,4
"Noise Buds VS102 Pro with ANC (25dB), 70 Hours Playtime...","1,499",3.8
"HOPPUP AirDoze S40 Earbuds with 13MM Drivers, 40H Playt...",599,4
"boAt Airdopes 71 w/ 40 HRS Playback, ENx Technology & B...","1,299",3.9
"boAt Immortal 131 w/ Beast Mode(40ms Low Latency), 40 H...","1,699",4
"truke BTG1 Earbuds with Game Mode, 48H Playtime, Quad M...",799,4
"Boult Airbass Z35 with ZEN ENC Mic, 32H Playtime, 45ms ...",799,3.9
"boAt Airdopes Drift with Beast Mode, Blazing LEDs, 40 H...","1,399",4.6
"moto buds+|Sound by Bose, Dual Dynamic Drivers, 48dB AN...","6,999",4
"Boult W20 with Zen ENC Mic, 35H Battery Life, Low Laten...","1,099",4.1
HOUSE OF SOUND NEW FALCON EARBUDS Bluetooth Gaming,599,4
"Mivi DuoPods K5 TWS Earbuds Metallic Finish, HD calling...",899,3.9
"Bose QUIETCOMFORT EARBUDS II,WW Bluetooth","25,900",4.3
boAt Airdopes 131 Elite ANC w/ Active Noise Cancellatio...,"1,599",4
"Noise Buds Trance with 45 Hrs Playtime, Low Latency (up...","1,099",4.1
"TRIGGR Ultrabuds N1 Neo with ENC, 40Hr Playback, 13mm D...",699,4.1
"Boult W20 with Zen ENC Mic, 35H Battery Life, Low Laten...",999,4.1
"Noise Buds X prime with 120 Hrs of Playtime, ENC with Q...","1,099",3.8
boAt Nirvana Ion with 120 Hours Playback & Crystal Bion...,"1,999",4.1
"Boult Y1 with Zen ENC Mic, 50H Battery, Fast Charging, ...",999,4
"boAt Airdopes 181 Pro w/ 100 HRS Playback, 4 Mics ENx T...","1,399",3.9
"HOPPUP AirDoze F50 Earbuds with 40H PlayTime, 40MS Low ...",699,4
HOPPUP Predator Xo4 Gaming Earbuds with 35MS Low Latenc...,799,4.1
"boAt Immortal 171 w/ Beast Mode(40ms Low Latency), 40 H...","1,699",4
"Mivi DuoPods K2 TWS,AI-ENC,40Hr Playtime,13mm Bass,Made...",699,3.9
HOPPUP Predator Xo3 Gaming Earbuds with 35MS Low Latenc...,799,3.9
"truke Buds F1 Ultra with 60 Hours Playtime, Spatial Aud...",799,4
Apple AirPods(2nd gen) with Charging Case Bluetooth Hea...,"10,900",4.5
"Number SuperBuds 555 with Dual Pair, 66H Battery, 32dB ...","1,499",4.5
"Mivi DuoPods D4 TWS,Rich Bass,50H Playtime,AI ENC,Low L...",699,3.9
"Boult Airbass Z35 with ZEN ENC Mic, 32H Playtime, 45ms ...",799,3.9
Nothing Ear (a) 2024 | ChatGPT Compatible | Hi-Res audi...,"5,999",4.3
"Mivi DuoPods i2 TWS,13mm Bass,45H Playtime,Dual Mic AI ...",999,4
"Mivi DuoPods i5 TWS,Metallic Finish,13mm Bass,50H Playt...","1,299",4.1
"truke Buds Q1 Lite with Quad-Mic ENC, 48H Playtime, Roy...",699,3.9
"TRIGGR Kraken X1 with Battery Display, 40ms Latency, Qu...",799,4
"Boult Astra with Quad Mic ENC, 48Hrs Battery, Low Laten...","1,499",4.1
"boAt Airdopes 71 w/ 40 HRS Playback, ENx Technology & B...","1,299",3.9
"POCO Pods with 30 Hour Playback, 12mm Drivers, 60ms Lat...","1,199",3.7
"HOPPUP Xo6 Gaming Earbuds with 35MS Low Latency, RGB LE...",799,3.9
"HOPPUP AirDoze S40 Earbuds with 13MM Drivers, 40H Playt...",599,4
"Mivi Commando X7,35ms Low Latency,13mm Bass,50H Playtim...",799,3.9
"truke Buds Q1 Lite with Quad-Mic ENC, 48H Playtime, Roy...",699,3.9
boAt Airdopes 131 Captain America Edition with 60 Hours...,"1,299",4
"Mivi SuperPods Opera ANC earbuds [Flagship Launch], Hi-...","2,499",4.9
"truke BTG1 Earbuds with Game Mode, 48H Playtime, Quad M...",799,4
"Boult Airbass Z35 with ZEN ENC Mic, 32H Playtime, 45ms ...",799,3.9
"boAt Nirvana Ion 32dB Active Noise Cancellation, 120HRS...","2,499",4.1
"boAt Airdopes 161 Hulk Edition w/ 40 HRS Playback, ASAP...","1,399",4
"Boult W20 with Zen ENC Mic, 35H Battery Life, Low Laten...","1,099",4.1
HOUSE OF SOUND NEW FALCON EARBUDS Bluetooth Gaming,599,4
"HOPPUP Predator Xo1 Gaming Earbuds with 50H Playtime,13...",699,4.1
"truke Clarity 6 with 80Hr Battery, 6Mic Adv.ENC, Dual C...",899,3.7
"boAt Airdopes 800 w/ Dolby Audio, 4 Mics AI-ENx Tech, T...","1,799",4
"Noise Buds VS102 Neo with 40 Hrs Playtime, Environmenta...",999,4
"TRIGGR Ultrabuds N1 Neo with ENC, 40Hr Playback, 13mm D...",699,4.1
"Boult W20 with Zen ENC Mic, 35H Battery Life, Low Laten...",999,4.1
"Boult Z40 Gaming with 60H Battery, App Support, Dual Pa...","1,199",4.1
"Noise Buds Trance with 45 Hrs Playtime, Low Latency (up...","1,099",4.1
"Boult Y1 with Zen ENC Mic, 50H Battery, Fast Charging, ...",999,4
"boAt Airdopes 181 Pro w/ 100 HRS Playback, 4 Mics ENx T...","1,399",3.9
OPPO Enco Air3 Pro Industry first Composite Bamboo Fibe...,"4,999",4.3
"boAt Airdopes 200 Plus with 100 HRS Playback, Quad Mics...","1,199",3.8
"boAt Nirvana Ion 32dB Active Noise Cancellation, 120HRS...","2,499",4.1
SAMSUNG Galaxy Buds FE SM-R400NZWAINS/SM-R400NZWAINU Bl...,"6,299",4.1
HOPPUP Predator Xo3 Gaming Earbuds with 35MS Low Latenc...,799,3.9
"truke Buds F1 Ultra with 60 Hours Playtime, Spatial Aud...",799,4
"Mivi DuoPods D3 TWS,13mm Driver,Rich Bass,50H Playtime,...","1,199",3.8
"boAt Nirvana Ivy w/ 360 Spatial Audio, Dynamic Head Tra...","3,299",4.3
"Mivi DuoPods D4 TWS,Rich Bass,50H Playtime,AI ENC,Low L...",699,3.9
"Boult Airbass Z35 with ZEN ENC Mic, 32H Playtime, 45ms ...",799,3.9
boAt Airdopes 161 ANC w/ Active Noise Cancellation(32dB...,"1,699",3.8
"Mivi DuoPods i3 TWS,13mm Bass,45+H Playtime,AI ENC,Low ...",799,4
"PTron Bassbuds Joy TWS with 13mm Drivers, Stereo Calls,...",799,3.6
"Noise Buds Combat with 45 Hours Playtime, Ultra-low Lat...","1,299",3.8
"TRIGGR Kraken X1 with Battery Display, 40ms Latency, Qu...",799,4
"HOPPUP Xo6 Gaming Earbuds with 35MS Low Latency, RGB LE...",799,3.9
"boAt Airdopes 181 with ENx Tech, BEAST Mode, ASAP Charg...","1,099",3.9
"truke Buds Vibe with 35dB ANC, 4Mic ENC, 13mm Speaker, ...",999,4
"HOPPUP AirDoze S40 Earbuds with 13MM Drivers, 40H Playt...",599,4
"truke BTG1 Earbuds with Game Mode, 48H Playtime, Quad M...",799,4
HOPPUP Predator Xo3 Gaming Earbuds with 35MS Low Latenc...,799,3.9
"boAt Airdopes 800 w/ Dolby Audio, 4 Mics AI-ENx Tech, T...","1,799",4
HOPPUP Predator Xo3 Gaming Earbuds with 35MS Low Latenc...,799,3.9
OPPO Enco Air 2 Pro Bluetooth,"2,799",4.3
"Boult Airbass Z35 with ZEN ENC Mic, 32H Playtime, 45ms ...",799,3.9
"Boult W20 with Zen ENC Mic, 35H Battery Life, Low Laten...","1,099",4.1
"Noise Buds VS102 Neo with 40 Hrs Playtime, Environmenta...",999,4
"boAt Airdopes 118 WROGN Edition w/ 50 HRS Playback, Qua...","1,299",3.6
HOUSE OF SOUND NEW FALCON EARBUDS Bluetooth Gaming,599,4
"TRIGGR Ultrabuds N1 Neo with ENC, 40Hr Playback, 13mm D...",699,4.1
"Noise Buds VS404 with 50 Hours Playtime, ENC with Quad ...","1,099",3.9
"TECHFIRE Bullets Max TWS Earbuds with 100 HRS Playtime,...",699,3.6
"truke Buds Vibe with 35dB ANC, 4Mic ENC, 13mm Speaker, ...",999,4
"CMF by Nothing Buds Pro with 45 dB ANC, Ultra Bass Tech...","2,499",4.1
"Boult W20 with Zen ENC Mic, 35H Battery Life, Low Laten...",999,4.1
"Boult Y1 with Zen ENC Mic, 50H Battery, Fast Charging, ...",999,4
"Mivi DuoPods i3 TWS,13mm Bass,45+H Playtime,AI ENC,Low ...",799,4
"Noise Aura Buds with Dual Device Pairing, 60 Hours of P...","1,599",4
"boAt Airdopes 181 Pro w/ 100 HRS Playback, 4 Mics ENx T...","1,399",3.9
HOPPUP Predator Xo3 Gaming Earbuds with 35MS Low Latenc...,799,3.9
Tunifi Classic LB A520 Earbuds/TWs/buds 5.1 Earbuds wit...,709,3.7
"Noise Buds VS102 Plus with 70 Hrs Playtime, Environment...","1,099",3.9
"boAt Immortal 100 w/ Beast Mode(40ms Low Latency), 30 H...",999,4
"boAt Airdopes 300 w/ 4-Mics ENx Technology,Multipoint C...","1,599",3.9
"truke Buds F1 Ultra with 60 Hours Playtime, Spatial Aud...",799,4
"truke BTG Ultra with 60H Playtime, 360Spatial, Low Late...",799,4
boAt Airdopes 131 Captain America Edition with 60 Hours...,"1,299",4
OnePlus Buds Z2 Bluetooth Gaming,"3,999",4.2
"Mivi DuoPods D4 TWS,Rich Bass,50H Playtime,AI ENC,Low L...",699,3.9
"Boult Airbass Z35 with ZEN ENC Mic, 32H Playtime, 45ms ...",799,3.9
"Mivi DuoPods K5 TWS Earbuds Metallic Finish, HD calling...","1,399",3.9
boAt Airdopes 131 Captain America Edition with 60 Hours...,"1,499",4
"TRIGGR Kraken X3 with RGB Lights, 40ms Latency, Quad EN...",899,4
"boAt Airdopes 161 ANC Elite w/ ANC, 50 HRS Playback, AS...","1,599",4
"TRIGGR Kraken X1 with Battery Display, 40ms Latency, Qu...",799,4
"Boult Astra with Quad Mic ENC, 48Hrs Battery, Low Laten...","1,499",4.1
"truke Buds Q1+ with 80H Playtime, Quad Mic Adv.ENC, 12m...",799,3.8
boAt Airdopes 131 Captain America Edition with 60 Hours...,"1,299",4
"HOPPUP Xo6 Gaming Earbuds with 35MS Low Latency, RGB LE...",799,3.9
"HOPPUP AirDoze S40 Earbuds with 13MM Drivers, 40H Playt...",599,4
"boAt Airdopes Progear w/ Air Conduction Tech,100 HRS Pl...","1,699",3.9
WINGS Phantom Earbuds with 50ms Low Latency Game mode 5...,898,4
HOPPUP Predator Xo7 Gaming Earbuds with 35MS Low Latenc...,899,4
"Mivi SuperPods Halo [Flagship Launch], ANC with 3D Soun...","1,999",4.5
"truke BTG1 Earbuds with Game Mode, 48H Playtime, Quad M...",799,4
"Boult Airbass Z35 with ZEN ENC Mic, 32H Playtime, 45ms ...",799,3.9
Nothing Ear (2) 2023 | Dual chamber sound | Hi-res audi...,"7,999",4.3
"Noise Combat X, Spatial Audio, 60 Hours of Playtime, Lo...","1,599",3.8
"Boult W20 with Zen ENC Mic, 35H Battery Life, Low Laten...","1,099",4.1
HOUSE OF SOUND NEW FALCON EARBUDS Bluetooth Gaming,599,4
"Noise Buds VS102 Neo with 40 Hrs Playtime, Environmenta...",999,4
"boAt Airdopes 118 WROGN Edition w/ 50 HRS Playback, Qua...","1,299",3.6
REDMI Buds 5 with 46dB Hybrid Active Noise Cancellation...,"2,499",4.1
"boAt Airdopes 131 PRO with 11mm Drivers,45Hrs Playback,...","1,299",3.9
"TRIGGR Ultrabuds N1 Neo with ENC, 40Hr Playback, 13mm D...",699,4.1
"Boult W20 with Zen ENC Mic, 35H Battery Life, Low Laten...",999,4.1
Nu Republic Transform-X upto 60hrs Playtime with 13mm N...,"1,799",4.7
Google Pixel Buds A-Series with Google Assistant Blueto...,"9,999",4.3
"Boult Y1 with Zen ENC Mic, 50H Battery, Fast Charging, ...",999,4
"boAt Airdopes 181 Pro w/ 100 HRS Playback, 4 Mics ENx T...","1,399",3.9
"truke Buds Q1 Lite with Quad-Mic ENC, 48H Playtime, Roy...",699,3.9
"PTron Bassbuds Joy TWS with 13mm Drivers, Stereo Calls,...",799,3.6
WINGS Flobuds 400 Made In India High Fidelity Smart ENC...,999,3.7
"HOPPUP AirDoze S40 Earbuds with 13MM Drivers, 40H Playt...",699,4
HOPPUP Predator Xo3 Gaming Earbuds with 35MS Low Latenc...,799,3.9
"truke BTG Ultra with 60H Playtime, 360Spatial, Low Late...",799,4
SONY WF-C500 IPX4/20Hrs Battery Life Bluetooth,"4,490",4.1
"realme Buds Air 5 Pro with 50dB ANC, 360 Spatial Audio ...","4,999",4.4
"Mivi DuoPods D4 TWS,Rich Bass,50H Playtime,AI ENC,Low L...",699,3.9
"Boult Airbass Z35 with ZEN ENC Mic, 32H Playtime, 45ms ...",799,3.9
SAMSUNG Galaxy Buds2 Pro SM-R510NZAAINU/SM-R510NZAAINS ...,"10,249",4.3
"Microflash Air Buds Pro E35 50Hrs Battery Life, High Ba...",659,3.9
"moto buds with Hi-Res Audio, Large 12.4mm driver, 42 hr...","2,299",3.9
"Boult Omega with 30dB ANC, Quad Mic ENC, 45ms Latency G...","1,299",3.9
"TRIGGR Kraken X1 with Battery Display, 40ms Latency, Qu...",799,4
"Boult Astra with Quad Mic ENC, 48Hrs Battery, Low Laten...","1,499",4.1
"Boult Curve Buds Pro with 100Hrs Battery, 4 Mic ENC, Lo...",999,3.6
Microflash Air Buds-D79 Upto 30Hrs Playback 13mm Driver...,643,3.8
"HOPPUP Xo6 Gaming Earbuds with 35MS Low Latency, RGB LE...",799,3.9
"HOPPUP AirDoze S40 Earbuds with 13MM Drivers, 40H Playt...",599,4
"HOPPUP AirDoze S40 Earbuds with 13MM Drivers, 40H Playt...",599,4
HOPPUP Predator Xo4 Gaming Earbuds with 35MS Low Latenc...,799,4.1
"Boult Airbass Z35 with ZEN ENC Mic, 32H Playtime, 45ms ...",799,3.9
"NOPE NUCLEAR 102 TWS 45 Hrs Playtime, Fast Charge, Dual...",599,3.7
"truke BTG1 Earbuds with Game Mode, 48H Playtime, Quad M...",799,4
"Boult Airbass Z35 with ZEN ENC Mic, 32H Playtime, 45ms ...",799,3.9
"Noise Buds Combat with 45 Hours Playtime, Ultra-low Lat...","1,499",3.8
HOPPUP SYNC with Bluetooth 5.1 & Type C Fast Charging B...,699,3.9
"Boult W20 with Zen ENC Mic, 35H Battery Life, Low Laten...","1,099",4.1
HOUSE OF SOUND NEW FALCON EARBUDS Bluetooth Gaming,599,4
"boAt Airdopes Flex 454 ANC w/32dB ANC, Multi Point Conn...","1,999",3.9
OnePlus Buds Pro 2R Bluetooth,"6,276",4.1
"HOPPUP AirDoze Grand Pro with Power Bank Function, 200 ...",899,3.9
"truke Buds Freedom OWS with QuadMic PureVoice ENC, 60H ...","1,599",3.9
"TRIGGR Ultrabuds N1 Neo with ENC, 40Hr Playback, 13mm D...",699,4.1
"Boult W20 with Zen ENC Mic, 35H Battery Life, Low Laten...",999,4.1
"TRIGGR Apex S1 with Dual Pairing, 100H Battery, Quad Mi...",899,4.1
HOPPUP Predator Xo7 Gaming Earbuds with 35MS Low Latenc...,899,4
"Boult Y1 with Zen ENC Mic, 50H Battery, Fast Charging, ...",999,4
"boAt Airdopes 181 Pro w/ 100 HRS Playback, 4 Mics ENx T...","1,399",3.9
"SONY WF-C700N Lightest TWS ANC 20Hr battery, In-Ear, 10...","8,990",4
boAt Airdopes 131 Captain America Edition with 60 Hours...,"1,499",4
"boAt Airdopes 71 w/ 40 HRS Playback, ENx Technology & B...","1,299",3.9
Kreo Mako TWS Wireless RGB Gaming Earbuds Bluetooth,999,4.1
HOPPUP Predator Xo3 Gaming Earbuds with 35MS Low Latenc...,799,3.9
"truke Buds F1 Ultra with 60 Hours Playtime, Spatial Aud...",799,4
Fastrack FPods FS100 Bluetooth,"1,495",3.8
Mivi DuoPods F40 with 50 Hrs Playtime I13mm Drivers|Mad...,"1,199",3.7
"Mivi DuoPods D4 TWS,Rich Bass,50H Playtime,AI ENC,Low L...",699,3.9
"Boult Airbass Z35 with ZEN ENC Mic, 32H Playtime, 45ms ...",799,3.9
"Fire-Boltt Aura TWS Earbuds with 40 Hours Playback, Qua...","1,299",3.8
"Noise Combat X, Spatial Audio, 60 Hours of Playtime, Lo...","1,599",3.8
"Mivi DuoPods K6 TWS,Rich Bass,50H Playtime,AI ENC,Low L...","1,399",4
"TRIGGR Ultrabuds N1 Neo with ENC, 40Hr Playback, 13mm D...",699,4.1
"TRIGGR Kraken X1 with Battery Display, 40ms Latency, Qu...",799,4
"HOPPUP Xo6 Gaming Earbuds with 35MS Low Latency, RGB LE...",799,3.9
Microflash Air Buds-D79 Upto 30Hrs Playback 13mm Driver...,643,3.8
"Mivi DuoPods K5 TWS Earbuds Metallic Finish, HD calling...","1,399",3.9
"HOPPUP AirDoze S40 Earbuds with 13MM Drivers, 40H Playt...",599,4
"truke BTG1 Earbuds with Game Mode, 48H Playtime, Quad M...",799,4
"Noise Pure Pods with AirWave technology, 80 Hours Playt...","2,999",3.8
"boAt Airdopes 300 w/ 4-Mics ENx Technology,Multipoint C...","1,599",3.9
"Blaupunkt BTW09 AIR Truly Wireless BT Earbuds, HD Sound...",869,4
SAMSUNG Galaxy Buds2 Pro SM-R510NZWAINS Bluetooth,"9,999",4.4
"Boult Airbass Z35 with ZEN ENC Mic, 32H Playtime, 45ms ...",799,3.9
"Boult W20 with Zen ENC Mic, 35H Battery Life, Low Laten...","1,099",4.1
"truke Buds Q1 Lite with Quad-Mic ENC, 48H Playtime, Roy...",699,3.9
"Noise Buds Xero with adaptive ANC(50dB), Sound+TM algor...","3,999",4
HOUSE OF SOUND NEW FALCON EARBUDS Bluetooth Gaming,599,4
"TRIGGR Ultrabuds N1 Neo with ENC, 40Hr Playback, 13mm D...",699,4.1
Nu Republic Transform-X upto 60hrs Playtime with 13mm N...,"1,799",4.7
"Mivi Commando Z7,13mm Drivers Bass,50H Playtime,Dual Mi...","1,499",3.7
"boAt Immortal 150 w/ Beast Mode(40ms Low Latency), 40 H...","1,499",3.9
HOPPUP SYNC with Bluetooth 5.1 & Type C Fast Charging B...,699,3.9
"Boult W20 with Zen ENC Mic, 35H Battery Life, Low Laten...",999,4.1
"Boult Y1 with Zen ENC Mic, 50H Battery, Fast Charging, ...",999,4
Apple AirPods Pro (2nd generation) with Active Noise Ca...,"21,990",4.6
Fire-Boltt Fire Pods Ninja G201 Earbuds TWS IWP HD Call...,"1,199",4
"boAt Airdopes 181 Pro w/ 100 HRS Playback, 4 Mics ENx T...","1,399",3.9
HOPPUP Predator Xo3 Gaming Earbuds with 35MS Low Latenc...,799,3.9
"Fire-Boltt Game Pods Ninja 601 Earbuds TWS, Voice Assis...","1,299",3.8
OnePlus Buds Pro 3 - Midnight Opus Bluetooth,"11,999",4.7
"truke BTG Flex buds with Dual Pairing, 60Hrs Battery, H...","1,099",4.4
"NOPE SPARK 101 TWS 50 Hrs Playtime, Fast Charge, Quad M...",749,4
"truke Buds F1 Ultra with 60 Hours Playtime, Spatial Aud...",799,4
"truke BTG Ultra with 60H Playtime, 360Spatial, Low Late...",799,4
"JBL Tune Beam Active Noise Cancellation, 48H playtime, ...","5,498",3.8
Apple AirPods (3rd generation) Bluetooth,"19,600",4.3
"Mivi DuoPods D4 TWS,Rich Bass,50H Playtime,AI ENC,Low L...",699,3.9
"Boult Airbass Z35 with ZEN ENC Mic, 32H Playtime, 45ms ...",799,3.9
"JBL Wave 300 TWS, 26Hr Playtime, Open-Ear Design, Epic ...","3,099",3.8
"boAt Airdopes 131 PRO with 11mm Drivers,45Hrs Playback,...","1,299",3.9
"JBL Tune Buds Active Noise Cancellation, 48H playtime,S...","4,999",4
HOPPUP Predator Xo3 Gaming Earbuds with 35MS Low Latenc...,799,3.9
"TRIGGR Kraken X1 with Battery Display, 40ms Latency, Qu...",799,4
"HOPPUP Xo6 Gaming Earbuds with 35MS Low Latency, RGB LE...",799,3.9
"Mivi DuoPods i5 TWS,Metallic Finish,13mm Bass,50H Playt...","1,299",4.1
"truke BTG Flex buds with Dual Pairing, 60Hrs Battery, H...","1,099",4.4
"HOPPUP AirDoze S40 Earbuds with 13MM Drivers, 40H Playt...",599,4
"truke BTG1 Earbuds with Game Mode, 48H Playtime, Quad M...",799,4
"Tunifi A520 Earbuds 13mm HD Dynamic Driver, Touch Contr...",729,3.7
Nothing Ear (2) 2023 | Dual chamber sound | Hi-res audi...,"9,999",4.3
"WINGS Phantom 860 Earbuds with Game mode, 50 hrsPlaytim...",899,4
"Mivi DuoPods F70 ENC with Quad Mic, 50+ Hrs Playtime| M...","1,499",3.9
"Boult Airbass Z35 with ZEN ENC Mic, 32H Playtime, 45ms ...",799,3.9
"Boult W20 with Zen ENC Mic, 35H Battery Life, Low Laten...","1,099",4.1
"boAt Immortal 121 with Beast Mode(40ms Low Latency),RGB...","1,699",4
boAt Airdopes 381 with upto 20 Hours Playback and ASAP ...,"2,399",3.9
HOUSE OF SOUND NEW FALCON EARBUDS Bluetooth Gaming,599,4
"TRIGGR Ultrabuds N1 Neo with ENC, 40Hr Playback, 13mm D...",699,4.1
"Noise Buds VS401 with 50 Hrs Playtime, Quad Mic with EN...","1,399",4
"boAt Nirvana Zenith w/ Dolby Audio, ANC(50dB), Adaptive...","3,999",3.7
"NOPE SONIC X1 TWS 50 Hrs Playtime, Ultra Low Latency 35...",699,3.7
"Microflash L95 Up to 48hrs Playback, High Bass, Clear S...",614,3.9
"Boult W20 with Zen ENC Mic, 35H Battery Life, Low Laten...",999,4.1
"Boult Y1 with Zen ENC Mic, 50H Battery, Fast Charging, ...",999,4
"JBL Live Beam 3, Hi-Res LDAC Audio ANC TWS, SmartCase,4...","14,999",4.2
"JBL Live Pro 2, Active Adaptive Noise Cancellation, 40H...","9,998",4.3
"boAt Airdopes 181 Pro w/ 100 HRS Playback, 4 Mics ENx T...","1,399",3.9
HOPPUP Predator Xo3 Gaming Earbuds with 35MS Low Latenc...,799,3.9
"NOPE Nuclear D1 Gaming TWS Buds 50Hrs Playtime, BT 5.1,...",649,3.7
"Noise Buds Combat Z with 50 Hours Playtime, Ultra-low L...","1,499",3.9
Nothing Ear (stick) Bluetooth,"4,999",3.8
"Noise Buds VS401 with 50 Hrs Playtime, Quad Mic with EN...","1,399",4
"truke BTG Ultra with 60H Playtime, 360Spatial, Low Late...",799,4
"truke Buds F1 Ultra with 60 Hours Playtime, Spatial Aud...",799,4
"Noise Buds VS102 Plus with 70 Hrs Playtime, Environment...","1,099",3.9
"Skullcandy Dime 3 Wireless Earbuds, 20 Hr Battery, Micr...","3,299",3.5
"Mivi DuoPods D4 TWS,Rich Bass,50H Playtime,AI ENC,Low L...",699,3.9
"Boult Airbass Z35 with ZEN ENC Mic, 32H Playtime, 45ms ...",799,3.9
Nothing Ear (stick) Bluetooth,"4,999",3.8
"Fire-Boltt Game Pods Ninja 601 Earbuds TWS, Voice Assis...","1,299",3.8
"Fire-Boltt Aura TWS Earbuds with 40 Hours Playback, Qua...","1,299",3.8
boAt Airdopes 381 with upto 20 Hours Playback and ASAP ...,"2,399",3.9
"TRIGGR Kraken X1 with Battery Display, 40ms Latency, Qu...",799,4
"Boult Astra with Quad Mic ENC, 48Hrs Battery, Low Laten...","1,499",4.1
"Mivi SuperPods Opera ANC earbuds [Flagship Launch], Hi-...","2,499",4.9
"JBL Wave 300 TWS, 26Hr Playtime, Open-Ear Design, Epic ...","3,099",3.8
"HOPPUP Xo6 Gaming Earbuds with 35MS Low Latency, RGB LE...",799,3.9
"HOPPUP AirDoze S40 Earbuds with 13MM Drivers, 40H Playt...",599,4
"NOPE SPARK 101 TWS 50 Hrs Playtime, Fast Charge, Quad M...",749,4
"truke Yoga Beat Open-Ear Headset with 30H Playtime, Dua...",799,3.9
"moto buds with Hi-Res Audio, Large 12.4mm driver, 42 hr...","2,299",3.9
"Mivi DuoPods i5 TWS,Metallic Finish,13mm Bass,50H Playt...","1,499",4.1
"truke BTG1 Earbuds with Game Mode, 48H Playtime, Quad M...",799,4
"Boult Airbass Z35 with ZEN ENC Mic, 32H Playtime, 45ms ...",799,3.9
"NOPE SONIC X1 TWS 50 Hrs Playtime, Ultra Low Latency 35...",699,3.7
"boAt Airdopes 191G w/ Dual Drivers, 30 HRS Playback, Qu...","1,399",4
"Boult W20 with Zen ENC Mic, 35H Battery Life, Low Laten...","1,099",4.1
"TRIGGR Ultrabuds N1 Neo with ENC, 40Hr Playback, 13mm D...",699,4.1
"U&i Sky 30Hrs Battery Backup True Wireless Earbuds, Tou...",779,3.6
"NOPE Nuclear D1 Gaming TWS Buds 50Hrs Playtime, BT 5.1,...",649,3.7
"Number Super Buds 999 40dB ANC Gaming TWS Earbuds,4 Mic...","1,199",3.8
"boAt Airdopes 192 with Beast Mode(40ms), 30 Hours Playb...","1,899",3.9
HOUSE OF SOUND NEW FALCON EARBUDS Bluetooth Gaming,599,4
"Boult W20 with Zen ENC Mic, 35H Battery Life, Low Laten...",999,4.1
"TRIGGR Ultrabuds N1 with ENC, 40H Battery, Trucomm Call...",999,3.9
Fire-Boltt Ninja Pro 403 Bluetooth,"1,299",4
"Boult Y1 with Zen ENC Mic, 50H Battery, Fast Charging, ...",999,4
"boAt Airdopes 181 Pro w/ 100 HRS Playback, 4 Mics ENx T...","1,399",3.9
"boAt Immortal 121 with Beast Mode(40ms Low Latency),RGB...","1,699",4
"JBL Live Beam 3, Hi-Res LDAC Audio ANC TWS, SmartCase,4...","14,999",4.2
boAt Airdopes 161 ANC w/ Active Noise Cancellation(32dB...,"1,699",3.8
"Mivi DuoPods F70 ENC with Quad Mic, 50+ Hrs Playtime| M...","1,499",3.9
HOPPUP Predator Xo3 Gaming Earbuds with 35MS Low Latenc...,799,3.9
"truke BTG Ultra with 60H Playtime, 360Spatial, Low Late...",799,4
boAt Airdopes 381 Bluetooth,"1,999",3.9
realme Techlife Buds T100 with up to 28 Hours Playback ...,"1,499",4.2
"Mivi DuoPods D4 TWS,Rich Bass,50H Playtime,AI ENC,Low L...",699,3.9
"Boult Airbass Z35 with ZEN ENC Mic, 32H Playtime, 45ms ...",799,3.9
"ONYZE ON901-ARMOR Gaming Earbuds,50HPlaytime,Made in IN...",797,3.9
boAt Airdopes 163 Bluetooth,"1,399",4
"Skullcandy Smokin Buds Wireless Earbuds, 20 Hr Battery,...","2,699",3.5
WINGS Flobuds 300 Made In India TWS Earbuds with Leathe...,999,3.8
"TRIGGR Kraken X1 with Battery Display, 40ms Latency, Qu...",799,4
"HOPPUP Xo6 Gaming Earbuds with 35MS Low Latency, RGB LE...",799,3.9
"beatXP Wave XPods with 50H Playtime, Quad Mic ENC, Gami...",999,3.8
SONY WF-1000XM4 with 36 Hrs Playtime and Industry Leadi...,"19,990",4.1
"HOPPUP AirDoze S40 Earbuds with 13MM Drivers, 40H Playt...",599,4
"truke BTG1 Earbuds with Game Mode, 48H Playtime, Quad M...",799,4
"JBL Wave 300 TWS, 26Hr Playtime, Open-Ear Design, JBL E...","3,099",3.8
"Boult X10 TWS with 45Hrs Playtime, ENC Mic, 40ms Lowest...",799,3.9
ZEBRONICS Sound Bomb 1 Bluetooth,799,3.6
"Mivi DuoPods i2 TWS,13mm Bass,45H Playtime,Dual Mic AI ...",999,4
"Boult Airbass Z35 with ZEN ENC Mic, 32H Playtime, 45ms ...",799,3.9
"Boult W20 with Zen ENC Mic, 35H Battery Life, Low Laten...","1,099",4.1
Nothing Ear (a) 2024 | ChatGPT Compatible | Hi-Res audi...,"5,999",4.3
"boAt Airdopes 191G w/ Dual Drivers, 30 HRS Playback, Qu...","1,399",4
HOUSE OF SOUND NEW FALCON EARBUDS Bluetooth Gaming,599,4
"TRIGGR Ultrabuds N1 Neo with ENC, 40Hr Playback, 13mm D...",699,4.1
Aroma NB126 King Kong Upto 60 Hours Playtime TypeC Fast...,599,3.7
"HOPPUP AirDoze D50 Earbuds with upto 50H Playtime, ENC,...",899,3.7
"Mivi DuoPods i5 TWS,Metallic Finish,13mm Bass,50H Playt...","1,499",4.1
"U&i Sky 30Hrs Battery Backup True Wireless Earbuds, Tou...",779,3.6
"Boult W20 with Zen ENC Mic, 35H Battery Life, Low Laten...",999,4.1
"Boult Y1 with Zen ENC Mic, 50H Battery, Fast Charging, ...",999,4
Soundcore by Anker Liberty 2 Pro with In-ear Studio Per...,"9,999",4.1
"truke Earbuds A1 with Quad Mic ANC upto 32db, 48Hrs bat...",899,3.7
"boAt Airdopes 181 Pro w/ 100 HRS Playback, 4 Mics ENx T...","1,399",3.9
HOPPUP Predator Xo3 Gaming Earbuds with 35MS Low Latenc...,799,3.9
"boAt Nirvana Zenith w/ Dolby Audio, ANC(50dB), Adaptive...","3,999",3.7
"boAt Airdopes 300 w/ 4-Mics ENx Technology,Multipoint C...","1,599",3.9
"DIGIBUDS T2 TWS Earbuds with Power-Bank, 40Hrs. Playtim...",641,3.1
"boAt Nirvana Ion 32dB Active Noise Cancellation, 120HRS...","2,499",4.1
"truke Buds F1 Ultra with 60 Hours Playtime, Spatial Aud...",799,4
"truke BTG Ultra with 60H Playtime, 360Spatial, Low Late...",799,4
Sennheiser Momentum Sport Bluetooth,"27,990",5
Fastrack FPods FS100 Bluetooth,"1,495",3.8
"Mivi DuoPods D4 TWS,Rich Bass,50H Playtime,AI ENC,Low L...",699,3.9
"Boult Airbass Z35 with ZEN ENC Mic, 32H Playtime, 45ms ...",799,3.9
"Aroma NB126 Prime Upto 60 Hours* Playtime, Dual Pairing...",599,3.5
"boAt Airdopes 300 w/ 4-Mics ENx Technology,Multipoint C...","1,599",3.9
"boAt Airdopes Atom 83 with 50Hrs Playback, Quad Mics EN...","1,499",3.8
"TRIGGR Kraken X2 Quad Mic ENC, 40 Hr Battery, Rapid Pai...","1,099",4
"TRIGGR Kraken X1 with Battery Display, 40ms Latency, Qu...",799,4
"Boult Astra with Quad Mic ENC, 48Hrs Battery, Low Laten...","1,499",4.1
"PTron Basspods Torq Gaming Earbuds with AI-ENC Calls, 4...",999,3.5
boAt Airdopes 163 Bluetooth,"1,399",4
"HOPPUP Xo6 Gaming Earbuds with 35MS Low Latency, RGB LE...",799,3.9
"HOPPUP AirDoze S40 Earbuds with 13MM Drivers, 40H Playt...",599,4
"Portronics Harmonics Twins S6 Smart TWS Earbuds,50Hrs P...","1,065",3.5
"HOPPUP AirDoze Q505 Earbuds with Quad Mic ENC, 50H Play...",699,3.7
"Mivi Commando X7,35ms Low Latency,13mm Bass,50H Playtim...",799,3.9
"JBL Live Pro 2, Active Adaptive Noise Cancellation, 40H...","9,999",4.3
"truke BTG1 Earbuds with Game Mode, 48H Playtime, Quad M...",799,4
"Boult Airbass Z35 with ZEN ENC Mic, 32H Playtime, 45ms ...",799,3.9
"beatXP Wave XPods with 50H Playtime, Quad Mic ENC, Gami...",999,3.8
"JBL Vibe Beam TWS, 32Hr Playtime, IP54, Smart Ambient &...","2,599",3.8
"Boult W20 with Zen ENC Mic, 35H Battery Life, Low Laten...","1,099",4.1
"TRIGGR Ultrabuds N1 Neo with ENC, 40Hr Playback, 13mm D...",699,4.1
"Noise Aura Buds with Dual Device Pairing, 60 Hours of P...","1,599",4
"Mivi DuoPods i7 TWS,3D Soundstage,High-fidelity Driver,...","1,499",4.1
"Boult Y1 Gaming with 50H Battery, App Support, Dual Pai...","1,299",3.9
"JBL Wave 300 TWS, 26Hr Playtime, Open-Ear Design, JBL E...","3,099",3.8
HOUSE OF SOUND NEW FALCON EARBUDS Bluetooth Gaming,599,4
"Boult W20 with Zen ENC Mic, 35H Battery Life, Low Laten...",999,4.1
"Noise Buds Xero with adaptive ANC(50dB), Sound+TM algor...","3,999",4
"Mivi DuoPods i7 TWS,3D Soundstage,High-fidelity Driver,...","1,499",4.1
"Boult Y1 with Zen ENC Mic, 50H Battery, Fast Charging, ...",999,4
"boAt Airdopes 181 Pro w/ 100 HRS Playback, 4 Mics ENx T...","1,399",3.9
Tunifi Classic N21 Earbuds/TWs/buds 5.1 Earbuds with 30...,799,3.6
"TRIGGR Ultrabuds N1 with ENC, 40H Battery, Trucomm Call...",999,3.9
"JBL Tune Buds Active Noise Cancellation, 48H playtime,S...","4,999",4
"Noise Buds Xero with adaptive ANC(50dB), Sound+TM algor...","3,999",4
HOPPUP Predator Xo3 Gaming Earbuds with 35MS Low Latenc...,799,3.9
"truke BTG Ultra with 60H Playtime, 360Spatial, Low Late...",799,4
"Noise Buds VS401 with 50 Hrs Playtime, Quad Mic with EN...","1,399",4
Portronics Harmonics Twins S6 Smart TWS Earbuds with 50...,999,3.5
"Mivi DuoPods D4 TWS,Rich Bass,50H Playtime,AI ENC,Low L...",699,3.9
"Boult Airbass Z35 with ZEN ENC Mic, 32H Playtime, 45ms ...",799,3.9
"boAt Airdopes Bliss ANC TWS Earbuds w/ ANC(32dB), 42 HR...","1,999",3.5
"truke Buds S2 with 48H Playtime, Quad Mic ENC, Instant ...","1,299",3.8
"boAt Airdopes 155 w/ 40 hrs Playtime,In-Ear Detection,Q...","1,399",3.6
"JBL Tune Beam Active Noise Cancellation, 48H playtime,J...","5,499",3.8
"TRIGGR Kraken X1 with Battery Display, 40ms Latency, Qu...",799,4
"HOPPUP Xo6 Gaming Earbuds with 35MS Low Latency, RGB LE...",799,3.9
"Noise Combat X, Spatial Audio, 60 Hours of Playtime, Lo...","1,599",3.8
"JBL Tune Buds Active Noise Cancellation, 48H playtime,S...","4,999",4
"HOPPUP AirDoze S40 Earbuds with 13MM Drivers, 40H Playt...",599,4
"truke BTG1 Earbuds with Game Mode, 48H Playtime, Quad M...",799,4
"Tunifi Gaming Pro 60 with 40H Playtime, Quad Mic ENC, G...",639,3.5
"Bose NEW QuietComfort Ultra Noise Cancelling Earbuds,Sp...","25,900",4.9
LAVA Probuds T31 Bluetooth,"1,295",4.8
Mivi DuoPods F60 ENC with 50+ Hrs Playtime| Made in Ind...,"1,399",3.7
"Boult Airbass Z35 with ZEN ENC Mic, 32H Playtime, 45ms ...",799,3.9
"Boult W20 with Zen ENC Mic, 35H Battery Life, Low Laten...","1,099",4.1
boAt Airdopes 411ANC with upto 17.5 Hours Playback and ...,"1,999",3.9
Bassflex Q31 Tws Wireless Gaming Earbuds 40MS Low Laten...,751,3.6
HOUSE OF SOUND NEW FALCON EARBUDS Bluetooth Gaming,599,4
"TRIGGR Ultrabuds N1 Neo with ENC, 40Hr Playback, 13mm D...",699,4.1
"ORAIMO FreePods Lite Earbuds with 40Hr Playtime,Custom ...",999,3.8
Aroma NB126 King Kong Upto 60 Hours Playtime TypeC Fast...,599,3.7
Jlab GoAir POP Bluetooth,"1,799",3.8
ZEBRONICS ZEB-PARADISE Bluetooth,819,3.7
"Boult W20 with Zen ENC Mic, 35H Battery Life, Low Laten...",999,4.1
"Boult Y1 with Zen ENC Mic, 50H Battery, Fast Charging, ...",999,4
TEMPT Glider True Wireless Stereo with OxyAcoustics Pur...,"2,087",4.3
"NOPE SPARK 101 TWS 50 Hrs Playtime, Fast Charge, Quad M...",749,4
"boAt Airdopes 181 Pro w/ 100 HRS Playback, 4 Mics ENx T...","1,399",3.9
HOPPUP Predator Xo3 Gaming Earbuds with 35MS Low Latenc...,799,3.9
"HOPPUP AirDoze Grand Pro with Power Bank Function, 200 ...",899,3.9
"Skullcandy Smokin Buds Wireless Earbuds, 20 Hr Battery,...","2,699",3.5
"ONYZE ON901-ARMOR Gaming Earbuds,50HPlaytime,Made in IN...",797,3.9
"truke Buds S2 Lite with Quad-Mic ENC, 48H Playtime, Mad...",899,3.9
"truke BTG Ultra with 60H Playtime, 360Spatial, Low Late...",799,4
"truke Buds F1 Ultra with 60 Hours Playtime, Spatial Aud...",799,4
"JBL Tune Flex TWS with ANC, Customizable Eartips, 32H P...","6,999",3.7
"Fire-Boltt Aura TWS Earbuds with 40 Hours Playback, Qua...","1,299",3.8
"Mivi DuoPods D4 TWS,Rich Bass,50H Playtime,AI ENC,Low L...",699,3.9
"Boult Airbass Z35 with ZEN ENC Mic, 32H Playtime, 45ms ...",799,3.9
Tunifi Premium N21 Earbuds/TWs/buds 5.1 Earbuds with 30...,720,3.6
WINGS Phantom 500 with ENC and 40 ms latency game mode ...,799,4
"truke Air Buds with Quad Mic ENC & 20 EQ modes, 10mm Dr...",899,3.8
SpinBot BattleBudz NX550 Ultra Low Latency Gaming Neckb...,784,3.7
"TRIGGR Kraken X1 with Battery Display, 40ms Latency, Qu...",799,4
"HOPPUP Xo6 Gaming Earbuds with 35MS Low Latency, RGB LE...",799,3.9
"Tunifi MS 771 Hook Earbuds 8D Stereo Audio, 48Hrs Playt...",599,4
"Mivi Commando X9 Earbuds, Dual RGB Lights, 35ms Low Lat...","1,999",3.8
"HOPPUP AirDoze S40 Earbuds with 13MM Drivers, 40H Playt...",599,4
"truke BTG1 Earbuds with Game Mode, 48H Playtime, Quad M...",799,4
Urban Vibe Loop Air Conduction OWS Earbuds For Workout ...,"2,519",4.3
Aroma NB126 Beast 40 Hours* Playtime | Perfect for Musi...,599,3.5
Syska SonicBuds X1 Bluetooth Gaming,899,3.7
"Sennheiser Momentum True Wireless 4 wuth Bluetooth 5.4,...","19,990",3.6
"Boult Airbass Z35 with ZEN ENC Mic, 32H Playtime, 45ms ...",799,3.9
"Boult W20 with Zen ENC Mic, 35H Battery Life, Low Laten...","1,099",4.1
"Ycom Rockin 42H Playtime with Fast Charge, Built in ENC...",729,3.7
"Ycom NovaX - 42H Playtime With ENC, IPX-5 Water Resista...",779,3.9
HOUSE OF SOUND NEW FALCON EARBUDS Bluetooth Gaming,599,4
"TRIGGR Ultrabuds N1 Neo with ENC, 40Hr Playback, 13mm D...",699,4.1
"Noise Buds Venus with ANC (30dB), 40 Hours Playtime, an...","1,899",3.8
"Infinix Buds Neo(XE26) with 4 Mic ENC, Dedicated App We...","1,399",3.8
WINGS Flobuds 400 Made In India High Fidelity Smart ENC...,999,3.7
"Nu Republic Starbuds Z with 56 Hr Playtime, X-BassÂ® Tec...",899,4
"Boult W20 with Zen ENC Mic, 35H Battery Life, Low Laten...",999,4.1
"Boult Y1 with Zen ENC Mic, 50H Battery, Fast Charging, ...",999,4
"truke BTG Alpha Earbuds with Game Mode, 38H Playtime, 7...",699,3.9
Blaupunkt BTW300 GR Bluetooth,"1,339",4
"boAt Airdopes 181 Pro w/ 100 HRS Playback, 4 Mics ENx T...","1,399",3.9
HOPPUP Predator Xo3 Gaming Earbuds with 35MS Low Latenc...,799,3.9
CIHYARD Bullets C2 - MAGNETIC POWER OFF/ON 48Hr Playtim...,599,3.4
Beats Solo Buds USB-C case with Fast Charge Bluetooth,"6,900",3
"Mozu Flexibuds Klear with ENC,Mems Mic,Game Mode,Low La...",799,4
Blaupunkt BTW12 KHROME Bassbuds Truly Wireless BT Earbu...,"1,019",4
"truke BTG Ultra with 60H Playtime, 360Spatial, Low Late...",799,4
"truke Buds F1 Ultra with 60 Hours Playtime, Spatial Aud...",799,4
"Microflash L95, ENC Upto 50hrs Playtime, High Bass, Cle...",617,3.9
TIMBRESONIC FlyPod True Wireless Earbuds Bluetooth,699,3.6
"Mivi DuoPods D4 TWS,Rich Bass,50H Playtime,AI ENC,Low L...",699,3.9
"Boult Airbass Z35 with ZEN ENC Mic, 32H Playtime, 45ms ...",799,3.9
"JBL Tune Beam Active Noise Cancellation, 48H playtime,S...","5,499",3.8
HODOPHILE TF Premium BTH F9 Earbuds/TWs/buds 5.1 Earbud...,639,3.3
NOYMI True Wireless Bluetooth Earbuds with Mic & 30H Pl...,925,3.8
SENS HENDRIK 1 TWS Graphene Composite Drivers Bluetooth,"1,599",3.8
"TRIGGR Kraken X1 with Battery Display, 40ms Latency, Qu...",799,4
"HOPPUP Xo6 Gaming Earbuds with 35MS Low Latency, RGB LE...",799,3.9
"HOPPUP SNAP with Gaming Mode, Fast Charging, ENC, Immer...",799,3.9
MadRabbit Drift X Pro Quad ENC Bluetooth,"1,234",3.3
"HOPPUP AirDoze S40 Earbuds with 13MM Drivers, 40H Playt...",599,4
"truke BTG1 Earbuds with Game Mode, 48H Playtime, Quad M...",799,4
TIMBRESONIC FlyPod True Wireless Earbuds Bluetooth,699,3.6
"beatXP Echo XPods with 70H Playtime, Quad Mic ENC & Gam...",999,3.7
"Noise Buds Venus with ANC (30dB), 40 Hours Playtime, an...","1,899",3.8
"MSNR R-22 Blue TWS AIRPODS, High Bass+ 48 Hours Playtim...",759,5
"Boult Airbass Z35 with ZEN ENC Mic, 32H Playtime, 45ms ...",799,3.9
"Boult W20 with Zen ENC Mic, 35H Battery Life, Low Laten...","1,099",4.1
"Mivi Commando X9 Earbuds, Dual RGB Lights, 35ms Low Lat...","1,999",3.8
"WINGS Phantom 105 Earbuds with Game Mode, ENC, 40 Hours...",799,3.8
HOUSE OF SOUND NEW FALCON EARBUDS Bluetooth Gaming,599,4
"TRIGGR Ultrabuds N1 Neo with ENC, 40Hr Playback, 13mm D...",699,4.1
Tunifi MS771 Hook Earbuds/TWs/buds 5.3 with 48H Unbeata...,719,3.8
"Tunifi Gaming P30 with 40H Playtime, Quad Mic ENC, Game...",849,4
ZEBRONICS Zeb-Yoga N3 Bluetooth,799,3.9
"Infinix Buds Neo(XE26) with 4 Mic ENC, Dedicated App We...","1,399",3.8
"Boult W20 with Zen ENC Mic, 35H Battery Life, Low Laten...",999,4.1
"Boult Y1 with Zen ENC Mic, 50H Battery, Fast Charging, ...",999,4
Alible AirPro Screen Earbuds Wireless Bluetooth,"2,011",3.4
LAVA Probuds T31 Bluetooth,"1,295",4.4
"boAt Airdopes 181 Pro w/ 100 HRS Playback, 4 Mics ENx T...","1,399",3.9
HOPPUP Predator Xo3 Gaming Earbuds with 35MS Low Latenc...,799,3.9
JABRA Elite 85t with Advanced Active Noise Cancellation...,"17,999",3.5
"TRIGGR Kraken X2 Quad Mic ENC, 40 Hr Battery, Rapid Pai...","1,099",4
Blaupunkt BTW300 GR Bluetooth,"1,339",4
"Mivi Commando X9 Earbuds, Dual RGB Lights, 35ms Low Lat...","1,999",3.8
"truke BTG Ultra with 60H Playtime, 360Spatial, Low Late...",799,4
"truke Buds F1 Ultra with 60 Hours Playtime, Spatial Aud...",799,4
"Cellecor BroPods CB44 TWS With 35 Hours Playtime, ENC, ...",999,3.7
Syska SonicBuds X2 Bluetooth,999,3.9
"Mivi DuoPods D4 TWS,Rich Bass,50H Playtime,AI ENC,Low L...",699,3.9
"Boult Airbass Z35 with ZEN ENC Mic, 32H Playtime, 45ms ...",799,3.9
"Fire-Boltt Fire Pods Ninja Pro 401 Earbuds TWS, IWP, Su...","1,099",3.9
iGear Twinbod2.0 - 2 in 1 Wireless Earbuds and bluetoot...,"1,124",3.6
WeCool Moonwalk M3 True Wireless Bluetooth Earbuds with...,799,4.2
"Aroma NB126 London Upto 50 Hours Playtime, Type C Fast ...",599,3.5
"TRIGGR Kraken X1 with Battery Display, 40ms Latency, Qu...",799,4
"HOPPUP Xo6 Gaming Earbuds with 35MS Low Latency, RGB LE...",799,3.9
"boAt Airdopes Bliss ANC TWS Earbuds w/ ANC(32dB), 42 HR...","1,999",3.5
Digiwins Classic LB N21 Earbuds/TWs/buds 5.1 Earbuds wi...,769,3.4
"HOPPUP AirDoze S40 Earbuds with 13MM Drivers, 40H Playt...",599,4
"truke BTG1 Earbuds with Game Mode, 48H Playtime, Quad M...",799,4
Mivi DuoPods F40 with 50 Hrs Playtime I13mm Drivers|Mad...,"1,199",3.7
"ZEBRONICS Zeb Yoga N3 DC AQUAMAN Edition,Neckband,ENC,G...","1,099",3.9
Urban Vibe Loop Air Conduction OWS Earbuds For Workout ...,"2,519",4.3
"TRIGGR Ergobuds 1 OWS with FocalWave Tech, 48Hr Battery...","1,499",3.8
"Boult Airbass Z35 with ZEN ENC Mic, 32H Playtime, 45ms ...",799,3.9
"Boult W20 with Zen ENC Mic, 35H Battery Life, Low Laten...","1,099",4.1
Tunifi N21 TWS Earbuds Upto 36 Hours Playback with ASAP...,818,3.6
Landmark LM BH132 PODCASE Bluetooth,"1,234",4
HOUSE OF SOUND NEW FALCON EARBUDS Bluetooth Gaming,599,4
"TRIGGR Ultrabuds N1 Neo with ENC, 40Hr Playback, 13mm D...",699,4.1
"Nu Republic Urban 4 with upto 30 hrs Playtime, X-Bass, ...","1,299",4.5
Modorwy Ultrapods Pro Earbuds with Touch Control & 20 H...,599,4.7
"Boult K20 with Quad Mic ENC, 32H Battery Life, Low Late...",999,3.9
"Mivi DuoPods F70 ENC with Quad Mic, 50+ Hrs Playtime| M...","1,499",3.9
"Boult W20 with Zen ENC Mic, 35H Battery Life, Low Laten...",999,4.1
"Boult Y1 with Zen ENC Mic, 50H Battery, Fast Charging, ...",999,4
"Grooves Ultra Luxury,120 Hr Playtime 49db Anc,Fast Char...","1,200",4.5
"boAt Airdopes Atom 83 with 50Hrs Playback, Quad Mics EN...","1,499",3.8
"boAt Airdopes 181 Pro w/ 100 HRS Playback, 4 Mics ENx T...","1,399",3.9
HOPPUP Predator Xo3 Gaming Earbuds with 35MS Low Latenc...,799,3.9
CIHYARD Bullets C2 - MAGNETIC POWER OFF/ON 48Hr Playtim...,599,3.4
summore RAINBOW Bluetooth,685,3.9
"Mozu Flexibuds Klear with ENC,Mems Mic,Game Mode,Low La...",799,4
Portronics Harmonics Twins 22 Smart TWS Earpods Bluetoo...,"1,099",3.8
"truke BTG Ultra with 60H Playtime, 360Spatial, Low Late...",799,4
"truke Buds F1 Ultra with 60 Hours Playtime, Spatial Aud...",799,4
CrossBeats URBAN True Wireless Bluetooth,"3,098",3.6
Mi Earphones 2 Bluetooth,"3,999",3.6
DigiClues TN02 Pocket Earbuds/TWs/buds 5.3 Earbuds with...,639,3.6
"HOPPUP AirDoze Grand Pro with Power Bank Function, 200 ...",899,3.9
MOOZMOB ENC Air Pods Pro 2nd Gen with Touch Screen Disp...,"1,899",3.9
"Boult Y1 Pro with Zen Quad Mic ENC, 60Hrs Battery, Fast...","1,099",3.9
retold Ubon Tiger Pro BT-50 Earbuds Fast Charging With ...,"1,343",3.3
"JABRA Elite 10 True Wireless earbuds - advance ANC, mul...","19,999",3.9
"SONY WF-LS900N Battery Life: 20hours, Noise Cancellatio...","16,990",4.1
"ORAIMO Roll Earbuds with ENC,16Hrs Playtime, 13mm Dynam...",899,3.6
Tunifi M19 Earbuds Upto 48 Hours Playback with Power Ba...,630,3.6
CIHYARD Mahi Kill VERY POWERFULL BASS BOOSTED MINI AIRB...,799,4
Cellecor BroPods CB03 Waterproof Earbuds With 30 Hours ...,986,3.7
FOXNE PINOT BT91 Single Ear Wireless Bluetooth Headset ...,617,4.2
"Mivi Commando Z9,13mm Bass,72H Playtime,Quad Mic ENC,35...","1,999",3.8
"boAt Airdopes 115 with ENx & Beast Mode, upto 24 Hrs Pl...","1,599",4
CIHYARD Bullets C2 - MAGNETIC POWER OFF/ON 48Hr Playtim...,599,3.4
"PTron Basspods Torq Gaming Earbuds with AI-ENC Calls, 4...",999,3.5
Aroma NB126 Beast 40 Hours* Playtime | Perfect for Musi...,599,3.5
"truke BTG Alpha Earbuds with Game Mode, 38H Playtime, 7...",699,3.9
UPOZA ULTRAPODS AI Calling Air buds Neckband TWS Earbud...,599,3.4
"Infinix XE 27 with Hybrid ANC, 4-Mic ENC, Voice Through...","1,699",4.6
"HOPPUP AirDoze D50 Earbuds with upto 50H Playtime, ENC,...",899,3.7
"Edyell A1 Wireless Earbuds with 48 HRS Playtime, HD Cal...","2,099",4.8
"Mozu Flexibuds Xine with ENC,Mems Mic,13MM Driver,Gamin...",899,3.4
"Aroma NB126 Prime Upto 60 Hours* Playtime, Dual Pairing...",599,3.5
Fire-Boltt Fire Pods Atlas ANC ENC Earbuds TWS Transpar...,"2,799",3.8
LAVA Probuds 21 Bluetooth,"1,299",3.8
"HOPPUP AirDoze Z50 with Quad Mic ENC, 13MM Drivers, 50H...",799,3.9
LAVA Probuds Bluetooth Gaming,"2,199",3.9
"WINGS Phantom 430 with App Support, 40ms Low Latency , ...","1,099",4
"JABRA Elite 10 earbuds - advance ANC, multipoint,Dobly ...","19,999",3.9
"ELIIDE Truly Wireless Earbuds with Gaming Low Latency, ...",849,4
"truke Clarity 5 with 6 Mics Adv.ENC, Dual Pairing, 80H ...","1,699",3.7
"TEMPT Dots TWS with 13mm Drivers, 15 Hours of Play Time...",699,3.7
Jlab Go Air Sport Bluetooth,"5,499",3.5
Qexle Unipods pro+ ANC ENC touch display 2 with long la...,"2,499",3.5
LAVA PROBUDS N31 Bluetooth,"1,199",4
TecSox UltraPods pro Bluetooth Earphone In Ear Comforta...,599,3.5
"truke Yoga Beat Open-Ear Headset with 30H Playtime, Dua...",799,3.9
"HOPPUP AirDoze D505 TWS Earbuds with 50H PlayTime,Rage ...",899,3.8
"Zusix AirTone Mini with 30 Hours Music Time, Deep Bass,...",649,3.7
"Mivi DuoPods D4 TWS,Rich Bass,50H Playtime,AI ENC,Low L...",699,3.9
"Boult Airbass Z35 with ZEN ENC Mic, 32H Playtime, 45ms ...",799,3.9
GIONEE Feather Pods Splash Proof Ultra-light True wirel...,"1,499",3.7
CIHYARD Bullets C2 - MAGNETIC POWER OFF/ON 48Hr Playtim...,599,4.2
CrossBeats URBAN True Wireless Bluetooth,"3,098",3.6
"HOPPUP AirDoze D505 TWS Earbuds with 50H PlayTime,Rage ...",899,3.8
"TRIGGR Kraken X1 with Battery Display, 40ms Latency, Qu...",799,4
"Boult Astra with Quad Mic ENC, 48Hrs Battery, Low Laten...","1,499",4.1
FINGERS Tuxedo Bluetooth,699,4.8
"JABRA Elite 10 earbuds - advance ANC, multipoint,Dobly ...","19,999",3.9
"HOPPUP Xo6 Gaming Earbuds with 35MS Low Latency, RGB LE...",799,3.9
"HOPPUP AirDoze S40 Earbuds with 13MM Drivers, 40H Playt...",599,4
AMS X3 Bluetooth Earbuds - Wireless Air Buds| 5D Rock B...,599,3.5
"boAt Airdopes 161 Pro-Buds w/ ASAP Charge, Multi-Point ...","1,199",3.8
PTron Bassbuds Indie Bluetooth,799,3.8
"WINGS Phantom 430 with App Support, 40ms Low Latency , ...","1,099",4
"truke BTG1 Earbuds with Game Mode, 48H Playtime, Quad M...",799,4
"Boult Airbass Z35 with ZEN ENC Mic, 32H Playtime, 45ms ...",799,3.9
Jlab Go Air Sport Bluetooth,"5,499",3.5
"truke Yoga Beat Open-Ear Headset with 30H Playtime, Dua...",799,3.9
"Boult W20 with Zen ENC Mic, 35H Battery Life, Low Laten...","1,099",4.1
HOUSE OF SOUND NEW FALCON EARBUDS Bluetooth Gaming,599,4
"boAt Immortal 121 with Beast Mode(40ms Low Latency),RGB...","1,699",4
"ELIIDE Truly Wireless Earbuds with Gaming Low Latency, ...",849,4
Tunifi Earbuds M90 Pro Upto 48 Hours Playback with Powe...,612,3.7
UPOZA ULTRAPODS PRO AI Calling Neckband Airbuds TWS Ear...,599,3.4
"TRIGGR Ultrabuds N1 Neo with ENC, 40Hr Playback, 13mm D...",699,4.1
"Boult W20 with Zen ENC Mic, 35H Battery Life, Low Laten...",999,4.1
"truke Buds S1 with Quad Mic ENC, 72 Hours Playtime, 10m...","1,399",4
Digiwins Classic LB N21 Earbuds/TWs/buds 5.1 Earbuds wi...,769,3.4
"Boult Y1 with Zen ENC Mic, 50H Battery, Fast Charging, ...",999,4
"boAt Airdopes 181 Pro w/ 100 HRS Playback, 4 Mics ENx T...","1,399",3.9
"Zusix AirTone Mini with 30 Hours Music Time, Deep Bass,...",649,3.7
WeCool Moonwalk M3 True Wireless Bluetooth Earbuds with...,799,4.2
retold Ubon Air Tiger BT-50 Truly Wireless Earbuds With...,"1,343",3.6
"Noise Buds Venus with ANC (30dB), 40 Hours Playtime, an...","1,899",3.8
HOPPUP Predator Xo3 Gaming Earbuds with 35MS Low Latenc...,799,3.9
"truke BTG Ultra with 60H Playtime, 360Spatial, Low Late...",799,4
"Cellecor BroPods CB03-ACE TWS With 40 Hours Playtime, E...",999,3.8
Skullcandy Indy Evo Bluetooth,"6,499",3.5
"Mivi DuoPods D4 TWS,Rich Bass,50H Playtime,AI ENC,Low L...",699,3.9
"Boult Airbass Z35 with ZEN ENC Mic, 32H Playtime, 45ms ...",799,3.9
Tunifi ROCKPODS with Zen ENC Mic 35H Battery Life Low L...,749,4
Urban Vibe Loop Air Conduction OWS Earbuds For Workout ...,"2,999",4.3
Tunifi M21 Couple Earbuds/Neckband/TWs/buds 5.3 Earbuds...,"1,640",3.4
MZ Mpods 83 (Wireless Earbuds) 200mAh Battery True Wire...,599,3.9
"TRIGGR Kraken X1 with Battery Display, 40ms Latency, Qu...",799,4
"HOPPUP Xo6 Gaming Earbuds with 35MS Low Latency, RGB LE...",799,3.9
"Mivi DuoPods i4 TWS,Quad-mic ENC,13mm Bass,50+ Hrs Play...","1,299",3.7
"Cellecor BroPods CB44 ACE TWS With 60 Hours Playtime, E...",999,3.7
"HOPPUP AirDoze S40 Earbuds with 13MM Drivers, 40H Playt...",599,4
"truke BTG1 Earbuds with Game Mode, 48H Playtime, Quad M...",799,4
BELL HERO PODS TWS|ENC|40 Hrs Music Playback|IPX5|Touch...,"1,444",4.1
"Noise Air Buds Mini with 15 Hours Playtime, Tru Bass Te...",999,3.9
"Chaebol Airbudz 200 Plus with 100 HRS Playback, Quad Mi...",944,2.8
DIGIBUDS Earbuds T2 with Power-Bank Bluetooth,639,3.8
"Boult Airbass Z35 with ZEN ENC Mic, 32H Playtime, 45ms ...",799,3.9
"Boult W20 with Zen ENC Mic, 35H Battery Life, Low Laten...","1,099",4.1
"truke Clarity 5, 6 Mics Adv.ENC, Dual Pairing, 80H Play...","1,699",3.7
"Cellecor BroPods CB33 TWS With 60 Hours Playtime, ENC, ...","1,099",3.6
HOUSE OF SOUND NEW FALCON EARBUDS Bluetooth Gaming,599,4
"TRIGGR Ultrabuds N1 Neo with ENC, 40Hr Playback, 13mm D...",699,4.1
UPOZA Earbuds M28 Gaming TWS Upto 40 Hours Playback Blu...,647,3.6
"UPOZA Premium N21 TWS LED With Flashlight 40H Playtime,...",854,3.8
Baani Audio BT100 Truly in Ear Bluetooth Earphones with...,999,3.6
Inbase Urban Q1 Twin TWS Earbuds Bluetooth,999,3.6
"Boult W20 with Zen ENC Mic, 35H Battery Life, Low Laten...",999,4.1
"Boult Y1 with Zen ENC Mic, 50H Battery, Fast Charging, ...",999,4
"Noise Buds Prima 2 Earbuds with 50-Hours of Playtime, Q...","1,799",3.5
TNL TAAL V1 Bluetooth,"2,499",4.3
"boAt Airdopes 181 Pro w/ 100 HRS Playback, 4 Mics ENx T...","1,399",3.9
HOPPUP Predator Xo3 Gaming Earbuds with 35MS Low Latenc...,799,3.9
Soundcore by Anker Spirit Dot 2 Bluetooth,"4,999",3.7
Digiwins N21 Earbuds/TWs/buds 5.1 Earbuds with 30H Play...,779,3.5
Unix STEREO HANDSFREE True Wireless Headphone TWS & Wir...,800,3.8
DigiClues Earbuds M19 Up to 50 Hours of Playback with B...,599,3.5
"truke BTG Ultra with 60H Playtime, 360Spatial, Low Late...",799,4
"truke Buds F1 Ultra with 60 Hours Playtime, Spatial Aud...",799,4
"truke Buds Pro with ANC, 48 Hours Playtime, Quad-Mic EN...","1,999",3.7
U&i Slice 25Hrs Music Time True Wireless Earbuds with D...,"1,099",3.5
"Mivi DuoPods D4 TWS,Rich Bass,50H Playtime,AI ENC,Low L...",699,3.9
"Boult Airbass Z35 with ZEN ENC Mic, 32H Playtime, 45ms ...",799,3.9
"PTron Basspods Torq Gaming Earbuds with AI-ENC Calls, 4...",999,3.5
Aroma NB126 Mexico Upto 50 Hours Playtime Type C Fast C...,599,3.5
Jlab Go Air Sport Bluetooth,"2,249",3.5
TecSox UltraPods pro Bluetooth Earphone In Ear Comforta...,599,3.5
"TRIGGR Kraken X1 with Battery Display, 40ms Latency, Qu...",799,4
"HOPPUP Xo6 Gaming Earbuds with 35MS Low Latency, RGB LE...",799,3.9
Brolan True Wireless (TWS) 48Hours Playback IPX4(Splash...,766,3.3
SONY WF-H800 With 6mm Dynamic Driver and 16hrs Battery ...,"12,990",3.9
"HOPPUP AirDoze S40 Earbuds with 13MM Drivers, 40H Playt...",599,4
"truke BTG1 Earbuds with Game Mode, 48H Playtime, Quad M...",799,4
iGear Twinbod2.0 - 2 in 1 Wireless Earbuds and bluetoot...,"1,124",3.6
Mivi DuoPods M20 True Wireless Bluetooth,"1,199",3.8
"Seashot A520 Earbuds HD Dynamic Driver, Touch Controls ...",632,3.6
UPOZA M90 PRO Earbuds With 2000 mAh Power Bank & ASAP C...,639,3.6
"Boult Airbass Z35 with ZEN ENC Mic, 32H Playtime, 45ms ...",799,3.9
"Boult W20 with Zen ENC Mic, 35H Battery Life, Low Laten...","1,099",4.1
"Aroma NB126 Quicker Upto 60 Hours* Playtime, Dual Pairi...",599,3.6
"AMS X36 Nexus series TWS Earbuds 24Hrs Playtime, IPX5 S...",600,4
HOUSE OF SOUND NEW FALCON EARBUDS Bluetooth Gaming,599,4
"TRIGGR Ultrabuds N1 Neo with ENC, 40Hr Playback, 13mm D...",699,4.1
Tunifi Buds A520 TWS Earbuds 42 Hour Battery HD Music a...,740,3.7
"JABRA Elite 10 True Wireless earbuds - advance ANC, mul...","19,999",3.9
"Ycom Rockin 42H Playtime with Fast Charge, Built in ENC...",729,3.7
Mivi Duopods F30 with 42 hours battery Fast Charging TW...,999,3.9
"Boult W20 with Zen ENC Mic, 35H Battery Life, Low Laten...",999,4.1
"Boult Y1 with Zen ENC Mic, 50H Battery, Fast Charging, ...",999,4
"Cellecor BroPods CB22 TWS With 45 Hrs, ENC, 13mm Driver...",899,3.8
"Toreto Tune Air With Quad Mics, ENC, 25 Hr Playtime, 13...","1,303",3.5
"boAt Airdopes 181 Pro w/ 100 HRS Playback, 4 Mics ENx T...","1,399",3.9
HOPPUP Predator Xo3 Gaming Earbuds with 35MS Low Latenc...,799,3.9
"boAt Nirvana Nebula w/ Dolby Audio, ANC(35dB), Adaptive...","2,999",3.6
LYNE CoolPods 27 40 Hours Music Time True Wireless Earb...,899,3.2
snowbudy Immortal T80 with Beast Mode Nothing Buds Pro ...,617,3.7
Tunifi F9 Earbuds with Unbeatable 48H Playtime & ASAP C...,614,3.4
"truke BTG Ultra with 60H Playtime, 360Spatial, Low Late...",799,4
"truke Buds F1 Ultra with 60 Hours Playtime, Spatial Aud...",799,4
"BERTH Earbuds Gravity With ANC 30db, 60H Playtime,Low L...","1,499",4.8
retold UBON Bullet Series CL-35 Wireless Neckband HD Ea...,"1,367",4
"Mivi DuoPods D4 TWS,Rich Bass,50H Playtime,AI ENC,Low L...",699,3.9
"Boult Airbass Z35 with ZEN ENC Mic, 32H Playtime, 45ms ...",799,3.9
"TRIGGR Ultrabuds N1 with ENC, 40H Battery, Trucomm Call...",999,3.9
boAt Airdopes 138 Bluetooth,999,3.7
La Shades Latest LED Display Earbuds Pro2 with Noise Ca...,"1,999",4.2
"AMS X36 Nexus series TWS Earbuds 24Hrs Playtime, IPX5 S...",600,4
"TRIGGR Kraken X1 with Battery Display, 40ms Latency, Qu...",799,4
"HOPPUP Xo6 Gaming Earbuds with 35MS Low Latency, RGB LE...",799,3.9
Aroma NB126 Beast 40 Hours* Playtime | Perfect for Musi...,599,3.5
Tunifi LY 80 Earbuds/TWs/buds 5.1 Earbuds with 30H Unbe...,599,3.4
"HOPPUP AirDoze S40 Earbuds with 13MM Drivers, 40H Playt...",599,4
"truke BTG1 Earbuds with Game Mode, 48H Playtime, Quad M...",799,4
"Mozu Flexibuds Klear with ENC,Mems Mic,Game Mode,Low La...",799,4
TecSox Fire Wireless Earbuds| IPX| 30hrs Best Low Laten...,785,4.1
Beats Studio Buds + Silver with Active Noise Cancellati...,"19,900",4
"BEPRO Nebula_Black TWS Earbuds HD calling, AI ENC, 2000...",719,5
"Boult Airbass Z35 with ZEN ENC Mic, 32H Playtime, 45ms ...",799,3.9
"Boult W20 with Zen ENC Mic, 35H Battery Life, Low Laten...","1,099",4.1
AMS X14 Transformer TWS Gaming Earbuds RGB LED Low Late...,959,3.6
"Cosmic Byte CosmoBuds X50, BT5.3, 40 Hrs, 40ms, GOD Mod...","1,310",4.4
HOUSE OF SOUND NEW FALCON EARBUDS Bluetooth Gaming,599,4
"TRIGGR Ultrabuds N1 Neo with ENC, 40Hr Playback, 13mm D...",699,4.1
Sennheiser Momentum Sport Bluetooth,"27,990",5
Blaupunkt BTW300 BK Bluetooth Gaming,"1,399",4
Jlab GoAir POP Bluetooth,"2,499",3.8
Jlab Go Air Sport Bluetooth,"2,249",3.5
"Boult W20 with Zen ENC Mic, 35H Battery Life, Low Laten...",999,4.1
"Boult Y1 with Zen ENC Mic, 50H Battery, Fast Charging, ...",999,4
"soundcore by Anker Liberty 4 NC, Adaptive Noise Cancell...","7,999",4.8
"Skullcandy Jib Earbuds, 32 Hr Battery, Mic, Works with ...","2,999",3.6
"boAt Airdopes 181 Pro w/ 100 HRS Playback, 4 Mics ENx T...","1,399",3.9
HOPPUP Predator Xo3 Gaming Earbuds with 35MS Low Latenc...,799,3.9
"Z Buds BassBeat A30 Pro with 40Hrs Playtime, 13mm Drive...",849,4
"SONY WF-1000XM5 Best Noise Cancelling TWS Earbuds,Multi...","24,990",4.2
"HOPPUP AirDoze Q505 Earbuds with Quad Mic ENC, 50H Play...",899,3.7
Blaupunkt BTW25F GR Bluetooth,"1,999",3.7
"truke BTG Ultra with 60H Playtime, 360Spatial, Low Late...",799,4
"truke Buds F1 Ultra with 60 Hours Playtime, Spatial Aud...",799,4
"Cellecor BroPods CB44 TWS With 35 Hours Playtime, ENC, ...",999,3.7
ZEBRONICS Air One Bluetooth,949,3.6
"Mivi DuoPods D4 TWS,Rich Bass,50H Playtime,AI ENC,Low L...",699,3.9
"Boult Airbass Z35 with ZEN ENC Mic, 32H Playtime, 45ms ...",799,3.9
CIHYARD Bullets C2 - MAGNETIC POWER OFF/ON 48Hr Playtim...,599,3.3
"HOPPUP AirDoze D505 TWS Earbuds with 50H PlayTime,Rage ...",899,3.8
Inbase Free Buds Elite Bluetooth,999,3.9
Earbot 2nd Gen Wireless Earbuds Pro 2 Bluetooth,799,5
"TRIGGR Kraken X1 with Battery Display, 40ms Latency, Qu...",799,4
"HOPPUP Xo6 Gaming Earbuds with 35MS Low Latency, RGB LE...",799,3.9
"Toreto Air Lite Quad Mic Enc,with Low Latency Mode Ipx8...","1,288",3.5
Beats Studio Buds + Black/Gold with Active Noise Cancel...,"19,900",4
"HOPPUP AirDoze S40 Earbuds with 13MM Drivers, 40H Playt...",599,4
"truke BTG1 Earbuds with Game Mode, 48H Playtime, Quad M...",799,4
Soundcore by Anker Life Dot 2 ANC With Multi Mode Hybri...,"7,999",4.3
Fastrack Reflex Tunes FT1BKB02 Buds Bluetooth,"2,636",3
Sennheiser Accentum True Wireless Earbuds with BT 5.3 a...,"13,990",4.2
"Mivi Commando Z7,13mm Drivers Bass,50H Playtime,Dual Mi...","1,499",3.7
"Boult Airbass Z35 with ZEN ENC Mic, 32H Playtime, 45ms ...",799,3.9
"Boult W20 with Zen ENC Mic, 35H Battery Life, Low Laten...","1,099",4.1
Soundcore by Anker Liberty Air 2 Pro With Active Noise ...,"9,999",4.1
TCL MOVEAUDIO S150 Bluetooth,"2,299",4.3
HOUSE OF SOUND NEW FALCON EARBUDS Bluetooth Gaming,599,4
"TRIGGR Ultrabuds N1 Neo with ENC, 40Hr Playback, 13mm D...",699,4.1
"LG FP6 Active Noise Cancelling Earbuds, 22 Hrs Battery,...","19,990",4.1
"Tunifi Immortal-X with Beast Mode, 50 Hours Playback an...",790,3.6
Brolan Airpod Pro 2+(2nd generation) Active Noise Cance...,"1,787",3.4
AuRiCal KS06 Bluetooth Gaming,"1,071",3.8
"Boult W20 with Zen ENC Mic, 35H Battery Life, Low Laten...",999,4.1
"Boult Y1 with Zen ENC Mic, 50H Battery, Fast Charging, ...",999,4
"ORAIMO Riff 2 TWS Earbuds with ENC Quad Mic,30Hr Playti...","1,299",3.7
LG TONE Free HBS-FN4 with British Meridian Sound & Nois...,"8,555",3.7
"boAt Airdopes 181 Pro w/ 100 HRS Playback, 4 Mics ENx T...","1,399",3.9
HOPPUP Predator Xo3 Gaming Earbuds with 35MS Low Latenc...,799,3.9
Beats Fit Pro with Active Noise Cancellation Bluetooth,"20,990",4.6
"Grooves METAL Ultra Luxury,120 Hr Playtime 49db Anc,Fas...","1,979",4.4
US1984 True Wireless Earbuds ENC Game mode Low Latency ...,"1,053",4.1
"Mivi SuperPods Opera ANC earbuds [Flagship Launch], Hi-...","2,499",4.9
"truke BTG Ultra with 60H Playtime, 360Spatial, Low Late...",799,4
"truke Buds F1 Ultra with 60 Hours Playtime, Spatial Aud...",799,4
Digiwins Classic X series N21 /TWs/buds 5.3 Earbuds wit...,779,3.8
ATSolutions SH-12 Wireless Bluetooth Over the Ear Headp...,639,3.5
